﻿<?xml version="1.0" encoding="utf-8"?>
<?xml-stylesheet type="text/xsl" href="g2_BIOPAR_VITO_ProductSet.xsl"?>
<!--
Author: Tim Jacobs (tim.jacobs@vito.be), Bruno Smets (bruno.smets@vito.be)
Last updated: 04/02/2015
-->
<MD_Metadata id="VGTWBMetadata" xmlns="http://www.isotc211.org/2005/gmd" xmlns:gmx="http://www.isotc211.org/2005/gmx" xmlns:gmd="http://www.isotc211.org/2005/gmd" xmlns:gco="http://www.isotc211.org/2005/gco" xmlns:gsr="http://www.isotc211.org/2005/gsr" xmlns:gss="http://www.isotc211.org/2005/gss" xmlns:gts="http://www.isotc211.org/2005/gts" xmlns:gml="http://www.opengis.net/gml" xmlns:xsi="http://www.w3.org/2001/XMLSchema-instance" xsi:schemaLocation="http://www.isotc211.org/2005/gmd http://www.isotc211.org/2005/gmd/gmd.xsd">
  <fileIdentifier>
    <gco:CharacterString>urn:cgls:continents:wb_v1_1km:WB_199804110000_AFRI_VGT_V1.4</gco:CharacterString>
  </fileIdentifier>
  <language>
    <LanguageCode codeList="http://standards.iso.org/ittf/PubliclyAvailableStandards/ISO_19139_Schemas/resources/Codelist/ML_gmxCodelists.xml#LanguageCode" codeListValue="eng">eng</LanguageCode>
  </language>
  <characterSet>
    <MD_CharacterSetCode codeList="http://standards.iso.org/ittf/PubliclyAvailableStandards/ISO_19139_Schemas/resources/Codelist/ML_gmxCodelists.xml#MD_CharacterSetCode" codeListValue="utf8">utf8</MD_CharacterSetCode>
  </characterSet>
  <parentIdentifier>
    <gco:CharacterString>urn:cgls:continents:wb_v1_1km</gco:CharacterString>
  </parentIdentifier>
  <hierarchyLevel>
    <MD_ScopeCode codeList="http://standards.iso.org/ittf/PubliclyAvailableStandards/ISO_19139_Schemas/resources/Codelist/ML_gmxCodelists.xml#MD_ScopeCode" codeListValue="dataset">dataset</MD_ScopeCode>
  </hierarchyLevel>
  <contact>
    <CI_ResponsibleParty>
      <organisationName>
        <gco:CharacterString>Flemish Institute for Technological Research (VITO)</gco:CharacterString>
      </organisationName>
      <contactInfo>
        <CI_Contact>
          <address>
            <CI_Address>
              <deliveryPoint>
                <gco:CharacterString>Boeretang 200</gco:CharacterString>
              </deliveryPoint>
              <city>
                <gco:CharacterString>Mol</gco:CharacterString>
              </city>
              <postalCode>
                <gco:CharacterString>2400</gco:CharacterString>
              </postalCode>
              <country>
                <Country codeList="http://www.iso.org/iso/en/prods-services/iso3166ma/02iso-3166-code-lists/index.html" codeListValue="BE" codeSpace="ISO 3166-1">Belgium </Country>
              </country>
              <electronicMailAddress>
                <gco:CharacterString>helpdeskticket@vgt.vito.be</gco:CharacterString>
              </electronicMailAddress>
            </CI_Address>
          </address>
          <onlineResource>
            <CI_OnlineResource>
              <linkage>
                <URL>http://land.copernicus.eu/global/</URL>
              </linkage>
              <protocol>
                <gco:CharacterString>HTTP</gco:CharacterString>
              </protocol>
              <name>
                <gco:CharacterString>Copernicus Global Land service</gco:CharacterString>
              </name>
              <description>
                <gco:CharacterString>Copernicus Global Land website</gco:CharacterString>
              </description>
              <function>
                <CI_OnLineFunctionCode codeList="http://standards.iso.org/ittf/PubliclyAvailableStandards/ISO_19139_Schemas/resources/Codelist/ML_gmxCodelists.xml#CI_OnLineFunctionCode" codeListValue="information">information</CI_OnLineFunctionCode>
              </function>
            </CI_OnlineResource>
          </onlineResource>
          <hoursOfService>
            <gco:CharacterString>Office hours, 7 days per week</gco:CharacterString>
          </hoursOfService>
          <contactInstructions>
            <gco:CharacterString>Preferrably by e-mail</gco:CharacterString>
          </contactInstructions>
        </CI_Contact>
      </contactInfo>
      <role>
        <CI_RoleCode codeList="http://standards.iso.org/ittf/PubliclyAvailableStandards/ISO_19139_Schemas/resources/Codelist/ML_gmxCodelists.xml#CI_RoleCode" codeListValue="pointOfContact">pointOfContact</CI_RoleCode>
      </role>
    </CI_ResponsibleParty>
  </contact>
  <dateStamp>
    <gco:Date>2015-03-24</gco:Date>
  </dateStamp>
  <metadataStandardName>
    <gco:CharacterString>ISO19115</gco:CharacterString>
  </metadataStandardName>
  <metadataStandardVersion>
    <gco:CharacterString>2003/Cor.1:2006</gco:CharacterString>
  </metadataStandardVersion>
  <spatialRepresentationInfo>
    <MD_Georectified>
      <numberOfDimensions>
        <gco:Integer>2</gco:Integer>
      </numberOfDimensions>
      <axisDimensionProperties>
        <MD_Dimension>
          <dimensionName>
            <MD_DimensionNameTypeCode codeList="http://www.isotc211.org/2005/resources/codelist/gmxCodelists.xml#MD_DimensionNameTypeCode" codeListValue="row">row</MD_DimensionNameTypeCode>
          </dimensionName>
          <dimensionSize>
            <gco:Integer>8961</gco:Integer>
          </dimensionSize>
          <resolution>
            <gco:Angle uom="deg">0.00892857142857</gco:Angle>
          </resolution>
        </MD_Dimension>
      </axisDimensionProperties>
      <axisDimensionProperties>
        <MD_Dimension>
          <dimensionName>
            <MD_DimensionNameTypeCode codeList="http://www.isotc211.org/2005/resources/codelist/gmxCodelists.xml#MD_DimensionNameTypeCode" codeListValue="column">column</MD_DimensionNameTypeCode>
          </dimensionName>
          <dimensionSize>
            <gco:Integer>10081</gco:Integer>
          </dimensionSize>
          <resolution>
            <gco:Angle uom="deg">0.00892857142857</gco:Angle>
          </resolution>
        </MD_Dimension>
      </axisDimensionProperties>
      <cellGeometry>
        <MD_CellGeometryCode codeList="http://www.isotc211.org/2005/resources/codelist/gmxCodelists.xml#MD_CellGeometryCode" codeListValue="area">area</MD_CellGeometryCode>
      </cellGeometry>
      <transformationParameterAvailability>
        <gco:Boolean>false</gco:Boolean>
      </transformationParameterAvailability>
      <checkPointAvailability>
        <gco:Boolean>true</gco:Boolean>
      </checkPointAvailability>
      <checkPointDescription>
        <gco:CharacterString>Upperleft corner tiepoint</gco:CharacterString>
      </checkPointDescription>
      <cornerPoints>
        <gml:Point gml:id="upperLeftTiePoint_AFRI">
          <gml:description>Upperleft corner tiepoint</gml:description>
          <gml:identifier codeSpace="">upperLeftTiePoint</gml:identifier>
          <gml:name>Tie Point in upper left corner</gml:name>
          <gml:pos srsName="#WGS_1984">40 -30 0.0</gml:pos>
        </gml:Point>
      </cornerPoints>
      <pointInPixel>
        <MD_PixelOrientationCode>center</MD_PixelOrientationCode>
      </pointInPixel>
    </MD_Georectified>
  </spatialRepresentationInfo>
  <referenceSystemInfo>
    <!--Note element MD_CRS is removed as correction of ISO19115-->
    <MD_ReferenceSystem>
      <referenceSystemIdentifier>
        <RS_Identifier>
          <code>
            <gco:CharacterString>EPSG:32662</gco:CharacterString>
          </code>
          <codeSpace>
            <gco:CharacterString>EPSG Geodetic Parameter Dataset</gco:CharacterString>
          </codeSpace>
        </RS_Identifier>
      </referenceSystemIdentifier>
    </MD_ReferenceSystem>
  </referenceSystemInfo>
  <referenceSystemInfo>
    <!--Note element MD_CRS is removed as correction of ISO19115-->
    <MD_ReferenceSystem>
      <referenceSystemIdentifier>
        <RS_Identifier>
          <code>
            <gco:CharacterString>WGS84</gco:CharacterString>
          </code>
          <codeSpace>
            <gco:CharacterString>World Geodetic System</gco:CharacterString>
          </codeSpace>
        </RS_Identifier>
      </referenceSystemIdentifier>
    </MD_ReferenceSystem>
  </referenceSystemInfo>
  <identificationInfo>
    <MD_DataIdentification>
      <!--id="G2-BIOPAR-11305457-1998-04-11-AFRI-VGT-V2"-->
      <citation>
        <CI_Citation>
          <title>
            <gco:CharacterString>Africa 10-daily SPOT-VEGETATION Water Bodies : AFRI 1998-04-11</gco:CharacterString>
          </title>
          <date>
            <CI_Date>
              <date>
                <gco:Date>1998-04-11</gco:Date>
              </date>
              <dateType>
                <CI_DateTypeCode codeList="http://standards.iso.org/ittf/PubliclyAvailableStandards/ISO_19139_Schemas/resources/Codelist/ML_gmxCodelists.xml#CI_DateTypeCode" codeListValue="creation">creation</CI_DateTypeCode>
              </dateType>
            </CI_Date>
          </date>
          <edition>
            <gco:CharacterString>V1.4</gco:CharacterString>
          </edition>
          <editionDate>
            <gco:Date>2012-01-31</gco:Date>
          </editionDate>
          <identifier>
            <MD_Identifier>
              <authority>
                <CI_Citation>
                  <title>
                    <gco:CharacterString>Flemish Institute for Technological Research (VITO)</gco:CharacterString>
                  </title>
                  <date>
                    <CI_Date>
                      <date>
                        <gco:Date>2013-10-12</gco:Date>
                      </date>
                      <dateType>
                        <CI_DateTypeCode codeList="http://standards.iso.org/ittf/PubliclyAvailableStandards/ISO_19139_Schemas/resources/Codelist/ML_gmxCodelists.xml#CI_DateTypeCode" codeListValue="revision">revision</CI_DateTypeCode>
                      </dateType>
                    </CI_Date>
                  </date>
                </CI_Citation>
              </authority>
              <code>
                <gco:CharacterString>EO:VITO:GLS:WB:AFRI:V1</gco:CharacterString>
              </code>
            </MD_Identifier>
          </identifier>
          <otherCitationDetails>
            <gco:CharacterString>http://land.copernicus.eu/global/sites/default/files/products/GIO-GL1_PUM_WBV1_I1.00.pdf</gco:CharacterString>
          </otherCitationDetails>
        </CI_Citation>
      </citation>
      <abstract>
        <gco:CharacterString>WB or Water bodies is a 10-day synthesis product that detects water bodies over Africa. The product is a derived version of the former VGT4Africa Small Water Bodies and seasonality (SWB). The WB products are produced by the Copernicus Global Land service, based on SPOT-VEGETATION sensor data.</gco:CharacterString>
      </abstract>
      <purpose>
        <gco:CharacterString>This product is first designed to fit the requirements of the Global Land component of Land Service of GMES-Copernicus. It can be also useful for all applications related to the environment monitoring with a priority over arid, semi-arid and sub-humid regions.. </gco:CharacterString>
      </purpose>
      <credit>
        <gco:CharacterString>“The products were provided by the Global component of the Land Service of the Copernicus programme of (or funded by) the European Commission. The research leading to the current version of the product has received funding from various European Commission Research and Technical Development programs. The algorithm was originally developed in the framework of the FP7/Geoland2 project by VITO, UCL and JRC. It is generated from the SPOT VEGETATION data under copyright Cnes and distribution by VITO.”</gco:CharacterString>
      </credit>
      <status>
        <MD_ProgressCode codeList="http://standards.iso.org/ittf/PubliclyAvailableStandards/ISO_19139_Schemas/resources/Codelist/ML_gmxCodelists.xml#MD_ProgressCode" codeListValue="completed">completed</MD_ProgressCode>
      </status>
      <pointOfContact>
        <CI_ResponsibleParty>
          <organisationName>
            <gco:CharacterString>Flemish Institute for Technological Research (VITO)</gco:CharacterString>
          </organisationName>
          <positionName>
            <gco:CharacterString>Copernicus Global Land Service Help Desk</gco:CharacterString>
          </positionName>
          <contactInfo>
            <CI_Contact>
              <address>
                <CI_Address>
                  <deliveryPoint>
                    <gco:CharacterString>Boeretang 200</gco:CharacterString>
                  </deliveryPoint>
                  <city>
                    <gco:CharacterString>Mol</gco:CharacterString>
                  </city>
                  <postalCode>
                    <gco:CharacterString>2400</gco:CharacterString>
                  </postalCode>
                  <country>
                    <Country codeList="http://www.iso.org/iso/en/prods-services/iso3166ma/02iso-3166-code-lists/index.html" codeListValue="BE" codeSpace="ISO 3166-1">Belgium</Country>
                  </country>
                  <electronicMailAddress>
                    <gco:CharacterString>helpdeskticket@vgt.vito.be</gco:CharacterString>
                  </electronicMailAddress>
                </CI_Address>
              </address>
              <onlineResource>
                <CI_OnlineResource>
                  <linkage>
                    <URL>http://www.vito.be</URL>
                  </linkage>
                  <protocol>
                    <gco:CharacterString>HTTP</gco:CharacterString>
                  </protocol>
                  <name>
                    <gco:CharacterString>VITO website</gco:CharacterString>
                  </name>
                  <description>
                    <gco:CharacterString>Organization website</gco:CharacterString>
                  </description>
                  <function>
                    <CI_OnLineFunctionCode codeList="http://standards.iso.org/ittf/PubliclyAvailableStandards/ISO_19139_Schemas/resources/Codelist/ML_gmxCodelists.xml#CI_OnLineFunctionCode" codeListValue="information">information</CI_OnLineFunctionCode>
                  </function>
                </CI_OnlineResource>
              </onlineResource>
              <hoursOfService>
                <gco:CharacterString>Office hours, 7 days per week</gco:CharacterString>
              </hoursOfService>
              <contactInstructions>
                <gco:CharacterString>Preferrably by e-mail</gco:CharacterString>
              </contactInstructions>
            </CI_Contact>
          </contactInfo>
          <role>
            <CI_RoleCode codeList="http://standards.iso.org/ittf/PubliclyAvailableStandards/ISO_19139_Schemas/resources/Codelist/ML_gmxCodelists.xml#CI_RoleCode" codeListValue="principalInvestigator">principalInvestigator</CI_RoleCode>
          </role>
        </CI_ResponsibleParty>
      </pointOfContact>
      <pointOfContact>
        <CI_ResponsibleParty>
          <organisationName>
            <gco:CharacterString>Flemish Institute for Technological Research (VITO)</gco:CharacterString>
          </organisationName>
          <positionName>
            <gco:CharacterString>Copernicus Global Land Service Help Desk</gco:CharacterString>
          </positionName>
          <contactInfo>
            <CI_Contact>
              <address>
                <CI_Address>
                  <deliveryPoint>
                    <gco:CharacterString>Boeretang 200</gco:CharacterString>
                  </deliveryPoint>
                  <city>
                    <gco:CharacterString>Mol</gco:CharacterString>
                  </city>
                  <postalCode>
                    <gco:CharacterString>2400</gco:CharacterString>
                  </postalCode>
                  <country>
                    <Country codeList="http://www.iso.org/iso/en/prods-services/iso3166ma/02iso-3166-code-lists/index.html" codeListValue="BE" codeSpace="ISO 3166-1">Belgium</Country>
                  </country>
                  <electronicMailAddress>
                    <gco:CharacterString>helpdeskticket@vgt.vito.be</gco:CharacterString>
                  </electronicMailAddress>
                </CI_Address>
              </address>
              <onlineResource>
                <CI_OnlineResource>
                  <linkage>
                    <URL>http://www.vito.be</URL>
                  </linkage>
                  <protocol>
                    <gco:CharacterString>HTTP</gco:CharacterString>
                  </protocol>
                  <name>
                    <gco:CharacterString>VITO website</gco:CharacterString>
                  </name>
                  <description>
                    <gco:CharacterString>Organization website</gco:CharacterString>
                  </description>
                  <function>
                    <CI_OnLineFunctionCode codeList="http://standards.iso.org/ittf/PubliclyAvailableStandards/ISO_19139_Schemas/resources/Codelist/ML_gmxCodelists.xml#CI_OnLineFunctionCode" codeListValue="information">information</CI_OnLineFunctionCode>
                  </function>
                </CI_OnlineResource>
              </onlineResource>
              <hoursOfService>
                <gco:CharacterString>Office hours, 7 days per week</gco:CharacterString>
              </hoursOfService>
              <contactInstructions>
                <gco:CharacterString>Preferrably by e-mail</gco:CharacterString>
              </contactInstructions>
            </CI_Contact>
          </contactInfo>
          <role>
            <CI_RoleCode codeList="http://standards.iso.org/ittf/PubliclyAvailableStandards/ISO_19139_Schemas/resources/Codelist/ML_gmxCodelists.xml#CI_RoleCode" codeListValue="originator">originator</CI_RoleCode>
          </role>
        </CI_ResponsibleParty>
      </pointOfContact>
      <pointOfContact>
        <CI_ResponsibleParty>
          <organisationName>
            <gco:CharacterString>European Commission Directorate-General for Enterprise and Industry</gco:CharacterString>
          </organisationName>
          <positionName>
            <gco:CharacterString>Owner</gco:CharacterString>
          </positionName>
          <contactInfo>
            <CI_Contact>
              <address>
                <CI_Address>
                  <deliveryPoint>
                    <gco:CharacterString>Avenue d'Auderghem 45</gco:CharacterString>
                  </deliveryPoint>
                  <city>
                    <gco:CharacterString>Brussels</gco:CharacterString>
                  </city>
                  <postalCode>
                    <gco:CharacterString>1049</gco:CharacterString>
                  </postalCode>
                  <country>
                    <Country codeList="http://www.iso.org/iso/en/prods-services/iso3166ma/02iso-3166-code-lists/index.html" codeListValue="B" codeSpace="ISO 3166-1">Belgium</Country>
                  </country>
                  <electronicMailAddress>
                    <gco:CharacterString>ENTR-COPERNICUS-ASSETS@ec.europa.eu</gco:CharacterString>
                  </electronicMailAddress>
                </CI_Address>
              </address>
              <onlineResource>
                <CI_OnlineResource>
                  <linkage>
                    <URL>http://www.copernicus.eu</URL>
                  </linkage>
                  <protocol>
                    <gco:CharacterString>HTTP</gco:CharacterString>
                  </protocol>
                  <name>
                    <gco:CharacterString>EC DG-ENTR website</gco:CharacterString>
                  </name>
                  <description>
                    <gco:CharacterString>Organization website</gco:CharacterString>
                  </description>
                  <function>
                    <CI_OnLineFunctionCode codeList="http://standards.iso.org/ittf/PubliclyAvailableStandards/ISO_19139_Schemas/resources/Codelist/ML_gmxCodelists.xml#CI_OnLineFunctionCode" codeListValue="information">information</CI_OnLineFunctionCode>
                  </function>
                </CI_OnlineResource>
              </onlineResource>
              <hoursOfService>
                <gco:CharacterString>Office hours, 5 days per week</gco:CharacterString>
              </hoursOfService>
              <contactInstructions>
                <gco:CharacterString>Preferrably by e-mail</gco:CharacterString>
              </contactInstructions>
            </CI_Contact>
          </contactInfo>
          <role>
            <CI_RoleCode codeList="http://standards.iso.org/ittf/PubliclyAvailableStandards/ISO_19139_Schemas/resources/Codelist/ML_gmxCodelists.xml#CI_RoleCode" codeListValue="owner">owner</CI_RoleCode>
          </role>
        </CI_ResponsibleParty>
      </pointOfContact>
      <pointOfContact>
        <CI_ResponsibleParty>
          <organisationName>
            <gco:CharacterString>European Commission Directorate-General Joint Research Center</gco:CharacterString>
          </organisationName>
          <positionName>
            <gco:CharacterString>Responsible</gco:CharacterString>
          </positionName>
          <contactInfo>
            <CI_Contact>
              <address>
                <CI_Address>
                  <deliveryPoint>
                    <gco:CharacterString>Via E.Fermi, 249</gco:CharacterString>
                  </deliveryPoint>
                  <city>
                    <gco:CharacterString>Ispra</gco:CharacterString>
                  </city>
                  <postalCode>
                    <gco:CharacterString>21027</gco:CharacterString></postalCode>
                  <country>
                    <Country codeList="http://www.iso.org/iso/en/prods-services/iso3166ma/02iso-3166-code-lists/index.html" codeListValue="I" codeSpace="ISO 3166-1">Italy</Country>
                  </country>
                  <electronicMailAddress>
                    <gco:CharacterString>copernicuslandproducts@jrc.ec.europa.eu</gco:CharacterString>
                  </electronicMailAddress>
                </CI_Address>
              </address>
              <onlineResource>
                <CI_OnlineResource>
                  <linkage>
                    <URL></URL>
                  </linkage>
                  <protocol>
                    <gco:CharacterString>http://ies.jrc.ec.europa.eu</gco:CharacterString>
                  </protocol>
                  <name>
                    <gco:CharacterString>EC DG-JRC Institute for Environment and Sustainability</gco:CharacterString>
                  </name>
                  <description>
                    <gco:CharacterString>Organization website</gco:CharacterString>
                  </description>
                  <function>
                    <CI_OnLineFunctionCode codeList="http://standards.iso.org/ittf/PubliclyAvailableStandards/ISO_19139_Schemas/resources/Codelist/ML_gmxCodelists.xml#CI_OnLineFunctionCode" codeListValue="information">information</CI_OnLineFunctionCode>
                  </function>
                </CI_OnlineResource>
              </onlineResource>
              <hoursOfService>
                <gco:CharacterString>Office hours, 5 days per week</gco:CharacterString>
              </hoursOfService>
              <contactInstructions>
                <gco:CharacterString>Preferrably by e-mail</gco:CharacterString>
              </contactInstructions>
            </CI_Contact>
          </contactInfo>
          <role>
            <CI_RoleCode codeList="http://standards.iso.org/ittf/PubliclyAvailableStandards/ISO_19139_Schemas/resources/Codelist/ML_gmxCodelists.xml#CI_RoleCode" codeListValue="custodian">custodian</CI_RoleCode>
          </role>
        </CI_ResponsibleParty>
      </pointOfContact>
      <resourceMaintenance>
        <MD_MaintenanceInformation>
          <maintenanceAndUpdateFrequency>
            <MD_MaintenanceFrequencyCode codeList="http://standards.iso.org/ittf/PubliclyAvailableStandards/ISO_19139_Schemas/resources/Codelist/ML_gmxCodelists.xml#MD_MaintenanceFrequencyCode" codeListValue="asNeeded">asNeeded</MD_MaintenanceFrequencyCode>
          </maintenanceAndUpdateFrequency>
          <updateScope>
            <MD_ScopeCode codeList="http://standards.iso.org/ittf/PubliclyAvailableStandards/ISO_19139_Schemas/resources/Codelist/ML_gmxCodelists.xml#MD_ScopeCode" codeListValue="dataset">dataset</MD_ScopeCode>
          </updateScope>
        </MD_MaintenanceInformation>
      </resourceMaintenance>
      <graphicOverview>
        <MD_BrowseGraphic>
          <fileName>
            <gco:CharacterString>g2_BIOPAR_WB-SWB_QL_199804110000_AFRI_VGT_V1.4.tiff</gco:CharacterString>
          </fileName>
          <fileDescription>
            <gco:CharacterString>Quicklook at 16 times reduced resolution of SWB dataset.</gco:CharacterString>
          </fileDescription>
          <fileType>
            <gco:CharacterString>GEOTIFF</gco:CharacterString>
          </fileType>
        </MD_BrowseGraphic>
      </graphicOverview>
      <resourceFormat>
        <MD_Format>
          <name>
            <gco:CharacterString>GEOTIFF</gco:CharacterString>
          </name>
          <version>
            <gco:CharacterString></gco:CharacterString>
          </version>
          <specification>
            <gco:CharacterString>Georeferenced TIFF</gco:CharacterString>
          </specification>
        </MD_Format>
      </resourceFormat>
      <descriptiveKeywords>
        <MD_Keywords>
          <keyword>
            <gco:CharacterString>Orthoimagery</gco:CharacterString>
          </keyword>
          <type>
            <MD_KeywordTypeCode codeList="http://standards.iso.org/ittf/PubliclyAvailableStandards/ISO_19139_Schemas/resources/Codelist/ML_gmxCodelists.xml#MD_KeywordTypeCode" codeListValue="theme">theme</MD_KeywordTypeCode>
          </type>
          <thesaurusName>
            <CI_Citation>
              <title>
                <gco:CharacterString>GEMET - INSPIRE themes, version 1.0</gco:CharacterString>
              </title>
              <date>
                <CI_Date>
                  <date>
                    <gco:Date>2008-06-01</gco:Date>
                  </date>
                  <dateType>
                    <CI_DateTypeCode codeList="http://standards.iso.org/ittf/PubliclyAvailableStandards/ISO_19139_Schemas/resources/Codelist/ML_gmxCodelists.xml#CI_DateTypeCode" codeListValue="publication">publication</CI_DateTypeCode>
                  </dateType>
                </CI_Date>
              </date>
            </CI_Citation>
          </thesaurusName>
        </MD_Keywords>
      </descriptiveKeywords>
      <descriptiveKeywords>
        <MD_Keywords>
          <keyword>
            <gco:CharacterString>water body</gco:CharacterString>
          </keyword>
          <thesaurusName>
            <CI_Citation>
              <title>
                <gco:CharacterString>GEMET - Concepts, version 2.1</gco:CharacterString>
              </title>
              <date>
                <CI_Date>
                  <date>
                    <gco:Date>2008-06-13</gco:Date>
                  </date>
                  <dateType>
                    <CI_DateTypeCode codeList="http://standards.iso.org/ittf/PubliclyAvailableStandards/ISO_19139_Schemas/resources/Codelist/ML_gmxCodelists.xml#CI_DateTypeCode" codeListValue="publication">publication</CI_DateTypeCode>
                  </dateType>
                </CI_Date>
              </date>
            </CI_Citation>
          </thesaurusName>
        </MD_Keywords>
      </descriptiveKeywords>
      <descriptiveKeywords>
        <MD_Keywords>
          <keyword>
            <gco:CharacterString>water</gco:CharacterString>
          </keyword>
          <type>
            <MD_KeywordTypeCode codeList="http://standards.iso.org/ittf/PubliclyAvailableStandards/ISO_19139_Schemas/resources/Codelist/ML_gmxCodelists.xml#MD_KeywordTypeCode" codeListValue="theme">theme</MD_KeywordTypeCode>
          </type>
        </MD_Keywords>
      </descriptiveKeywords>
      <descriptiveKeywords>
        <MD_Keywords>
          <keyword>
            <gco:CharacterString>AFRI</gco:CharacterString>
          </keyword>
          <type>
            <MD_KeywordTypeCode codeList="http://standards.iso.org/ittf/PubliclyAvailableStandards/ISO_19139_Schemas/resources/Codelist/ML_gmxCodelists.xml#MD_KeywordTypeCode" codeListValue="place">place</MD_KeywordTypeCode>
          </type>
        </MD_Keywords>
      </descriptiveKeywords>
      <descriptiveKeywords>
        <MD_Keywords>
          <keyword>
            <gco:CharacterString>Dekad</gco:CharacterString>
          </keyword>
          <keyword>
            <gco:CharacterString>10-day composite</gco:CharacterString>
          </keyword>
          <type>
            <MD_KeywordTypeCode codeList="http://standards.iso.org/ittf/PubliclyAvailableStandards/ISO_19139_Schemas/resources/Codelist/ML_gmxCodelists.xml#MD_KeywordTypeCode" codeListValue="temporal">temporal</MD_KeywordTypeCode>
          </type>
        </MD_Keywords>
      </descriptiveKeywords>
      <resourceConstraints>
        <MD_Constraints>
          <useLimitation>
            <gco:CharacterString>No limitations</gco:CharacterString>
          </useLimitation>
        </MD_Constraints>
      </resourceConstraints>
      <resourceConstraints>
        <MD_LegalConstraints>
          <useConstraints>
            <MD_RestrictionCode codeList="http://standards.iso.org/ittf/PubliclyAvailableStandards/ISO_19139_Schemas/resources/Codelist/ML_gmxCodelists.xml#MD_RestrictionCode" codeListValue="copyright">@copernicus.eu</MD_RestrictionCode>
          </useConstraints>
        </MD_LegalConstraints>
      </resourceConstraints>
      <resourceConstraints>
        <MD_LegalConstraints>
          <accessConstraints>
            <MD_RestrictionCode codeList="http://standards.iso.org/ittf/PubliclyAvailableStandards/ISO_19139_Schemas/resources/Codelist/ML_gmxCodelists.xml#MD_RestrictionCode" codeListValue="otherRestrictions">data policy @copernicus.eu</MD_RestrictionCode>
          </accessConstraints>
          <otherConstraints>
            <gco:CharacterString>(d) the confidentiality of commercial or industrial information, where such confidentiality is provided for by national or Community law to protect a legitimate economic interest, including the public interest in maintaining statistical confidentiality and tax secrecy.</gco:CharacterString>
          </otherConstraints>
        </MD_LegalConstraints>
      </resourceConstraints>
      <aggregationInfo>
        <MD_AggregateInformation>
          <associationType>
            <DS_AssociationTypeCode codeList="http://www.isotc211.org/2005/resources/codelist/gmxCodelists.xml#DS_AssociationTypeCode" codeListValue="partOfSeamlessDatabase">partOfSeamlessDatabase</DS_AssociationTypeCode>
          </associationType>
          <initiativeType>
            <DS_InitiativeTypeCode codeList="http://www.isotc211.org/2005/resources/codelist/gmxCodelists.xml#DS_InitiativeTypeCode" codeListValue="project">project</DS_InitiativeTypeCode>
          </initiativeType>
        </MD_AggregateInformation>
      </aggregationInfo>
      <aggregationInfo>
        <MD_AggregateInformation>
          <!--A bit awkward place to use, but no other option seen-->
          <associationType>
            <DS_AssociationTypeCode codeList="http://www.isotc211.org/2005/resources/codelist/gmxCodelists.xml#DS_AssociationTypeCode" codeListValue="source">source</DS_AssociationTypeCode>
          </associationType>
          <initiativeType>
            <DS_InitiativeTypeCode codeList="http://www.isotc211.org/2005/resources/codelist/gmxCodelists.xml#DS_AssociationTypeCode" codeListValue="platform">SPOT_4</DS_InitiativeTypeCode>
          </initiativeType>
        </MD_AggregateInformation>
      </aggregationInfo>
      <aggregationInfo>
        <MD_AggregateInformation>
          <!--A bit awkward place to use, but no other option seen-->
          <associationType>
            <DS_AssociationTypeCode codeList="http://www.isotc211.org/2005/resources/codelist/gmxCodelists.xml#DS_AssociationTypeCode" codeListValue="source">source</DS_AssociationTypeCode>
          </associationType>
          <initiativeType>
            <DS_InitiativeTypeCode codeList="http://www.isotc211.org/2005/resources/codelist/gmxCodelists.xml#DS_AssociationTypeCode" codeListValue="sensor">VEGETATION_1</DS_InitiativeTypeCode>
          </initiativeType>
        </MD_AggregateInformation>
      </aggregationInfo>
      <spatialRepresentationType>
        <MD_SpatialRepresentationTypeCode codeList="MD_SpatialRepresentationTypeCode" codeListValue="grid" />
      </spatialRepresentationType>
      <spatialResolution>
        <MD_Resolution>
          <distance>
            <gco:Distance uom="http://standards.iso.org/ittf/PubliclyAvailableStandards/ISO_19139_Schemas/resources/uom/ML_gmxUom.xml#deg">0.00892857142857</gco:Distance>
          </distance>
        </MD_Resolution>
      </spatialResolution>
      <language>
        <gco:CharacterString>eng</gco:CharacterString>
      </language>
      <characterSet>
        <MD_CharacterSetCode codeList="http://standards.iso.org/ittf/PubliclyAvailableStandards/ISO_19139_Schemas/resources/Codelist/ML_gmxCodelists.xml#MD_CharacterSetCode" codeListValue="utf8">utf8</MD_CharacterSetCode>
      </characterSet>
      <topicCategory>
        <MD_TopicCategoryCode>imageryBaseMapsEarthCover</MD_TopicCategoryCode>
      </topicCategory>
      <topicCategory>
        <MD_TopicCategoryCode>inlandWaters</MD_TopicCategoryCode>
      </topicCategory>
      <topicCategory>
        <MD_TopicCategoryCode>environment</MD_TopicCategoryCode>
      </topicCategory>
      <extent>
        <EX_Extent>
          <geographicElement>
            <EX_GeographicBoundingBox id="AFRI">
              <westBoundLongitude>
                <gco:Decimal>-30</gco:Decimal>
              </westBoundLongitude>
              <eastBoundLongitude>
                <gco:Decimal>60</gco:Decimal>
              </eastBoundLongitude>
              <southBoundLatitude>
                <gco:Decimal>-40</gco:Decimal>
              </southBoundLatitude>
              <northBoundLatitude>
                <gco:Decimal>40</gco:Decimal>
              </northBoundLatitude>
            </EX_GeographicBoundingBox>
          </geographicElement>
        </EX_Extent>
      </extent>
      <extent>
        <EX_Extent>
          <temporalElement>
            <EX_TemporalExtent>
              <extent>
                <gml:TimePeriod gml:id="extent_tp" frame="#ISO-8601">
                  <gml:description>10-days composite</gml:description>
                  <gml:name>dekad</gml:name>
                  <gml:beginPosition>1998-04-11T00:00:00</gml:beginPosition>
                  <gml:endPosition>1998-04-20T23:59:59</gml:endPosition>
                </gml:TimePeriod>
              </extent>
            </EX_TemporalExtent>
          </temporalElement>
        </EX_Extent>
      </extent>
    </MD_DataIdentification>
  </identificationInfo>
  <contentInfo>
    <MD_ImageDescription id="ID">
      <attributeDescription>
        <gco:RecordType>Classes</gco:RecordType>
      </attributeDescription>
      <contentType>
        <MD_CoverageContentTypeCode codeList="http://www.isotc211.org/2005/resources/codelist/gmxCodelists.xml#MD_CoverageContentTypeCode" codeListValue="image">image</MD_CoverageContentTypeCode>
      </contentType>
      <radiometricCalibrationDataAvailability>
        <gco:Boolean>true</gco:Boolean>
      </radiometricCalibrationDataAvailability>
    </MD_ImageDescription>
    <!--Future releases could add more MD_ImageDescription information-->
  </contentInfo>
    <contentInfo>
    <MD_CoverageDescription id="SWB">
      <attributeDescription>
        <gco:RecordType>Small Water Bodies (SWB)</gco:RecordType>
      </attributeDescription>
      <contentType>
        <MD_CoverageContentTypeCode codeList="http://www.isotc211.org/2005/resources/codelist/gmxCodelists.xml#MD_CoverageContentTypeCode" codeListValue="image" />
      </contentType>
      <dimension>
        <MD_Band>
          <sequenceIdentifier>
            <gco:MemberName>
              <gco:aName>
                <gco:CharacterString>Digital Number</gco:CharacterString>
              </gco:aName>
              <gco:attributeType>
                <gco:TypeName>
                  <gco:aName>
                    <gco:CharacterString>value type</gco:CharacterString>
                  </gco:aName>
                </gco:TypeName>
              </gco:attributeType>
            </gco:MemberName>
          </sequenceIdentifier>
          <descriptor>
            <gco:CharacterString>Significant digital value range</gco:CharacterString>
          </descriptor>
          <maxValue>
            <gco:Real>255</gco:Real>
          </maxValue>
          <minValue>
            <gco:Real>0</gco:Real>
          </minValue>
          <bitsPerValue>
            <gco:Integer>8</gco:Integer>
          </bitsPerValue>
          <scaleFactor>
            <gco:Real>1</gco:Real>
          </scaleFactor>
          <offset>
            <gco:Real>0</gco:Real>
          </offset>
        </MD_Band>
      </dimension>
      <dimension>
        <MD_Band>
          <sequenceIdentifier>
            <gco:MemberName>
              <gco:aName>
                <gco:CharacterString>Ocean</gco:CharacterString>
              </gco:aName>
              <gco:attributeType>
                <gco:TypeName>
                  <gco:aName>
                    <gco:CharacterString>flag type</gco:CharacterString>
                  </gco:aName>
                </gco:TypeName>
              </gco:attributeType>
            </gco:MemberName>
          </sequenceIdentifier>
          <descriptor>
            <gco:CharacterString>Ocean</gco:CharacterString>
          </descriptor>
          <maxValue>
            <gco:Real>0</gco:Real>
          </maxValue>
          <minValue>
            <gco:Real>0</gco:Real>
          </minValue>
          <bitsPerValue>
            <gco:Integer>8</gco:Integer>
          </bitsPerValue>
        </MD_Band>
      </dimension>
      <dimension>
        <MD_Band>
          <sequenceIdentifier>
            <gco:MemberName>
              <gco:aName>
                <gco:CharacterString>Free Water</gco:CharacterString>
              </gco:aName>
              <gco:attributeType>
                <gco:TypeName>
                  <gco:aName>
                    <gco:CharacterString>flag type</gco:CharacterString>
                  </gco:aName>
                </gco:TypeName>
              </gco:attributeType>
            </gco:MemberName>
          </sequenceIdentifier>
          <descriptor>
            <gco:CharacterString>Free Water</gco:CharacterString>
          </descriptor>
          <maxValue>
            <gco:Real>70</gco:Real>
          </maxValue>
          <minValue>
            <gco:Real>70</gco:Real>
          </minValue>
          <bitsPerValue>
            <gco:Integer>8</gco:Integer>
          </bitsPerValue>
        </MD_Band>
      </dimension>
      <dimension>
        <MD_Band>
          <sequenceIdentifier>
            <gco:MemberName>
              <gco:aName>
                <gco:CharacterString>Humid vegetation</gco:CharacterString>
              </gco:aName>
              <gco:attributeType>
                <gco:TypeName>
                  <gco:aName>
                    <gco:CharacterString>flag type</gco:CharacterString>
                  </gco:aName>
                </gco:TypeName>
              </gco:attributeType>
            </gco:MemberName>
          </sequenceIdentifier>
          <descriptor>
            <gco:CharacterString>Humid vegetation</gco:CharacterString>
          </descriptor>
          <maxValue>
            <gco:Real>150</gco:Real>
          </maxValue>
          <minValue>
            <gco:Real>150</gco:Real>
          </minValue>
          <bitsPerValue>
            <gco:Integer>8</gco:Integer>
          </bitsPerValue>
        </MD_Band>
      </dimension>
      <dimension>
        <MD_Band>
          <sequenceIdentifier>
            <gco:MemberName>
              <gco:aName>
                <gco:CharacterString>Free water and humid vegetation</gco:CharacterString>
              </gco:aName>
              <gco:attributeType>
                <gco:TypeName>
                  <gco:aName>
                    <gco:CharacterString>flag type</gco:CharacterString>
                  </gco:aName>
                </gco:TypeName>
              </gco:attributeType>
            </gco:MemberName>
          </sequenceIdentifier>
          <descriptor>
            <gco:CharacterString>Free water and humid vegetation</gco:CharacterString>
          </descriptor>
          <maxValue>
            <gco:Real>220</gco:Real>
          </maxValue>
          <minValue>
            <gco:Real>220</gco:Real>
          </minValue>
          <bitsPerValue>
            <gco:Integer>8</gco:Integer>
          </bitsPerValue>
        </MD_Band>
      </dimension>
      <dimension>
        <MD_Band>
          <sequenceIdentifier>
            <gco:MemberName>
              <gco:aName>
                <gco:CharacterString>Missing</gco:CharacterString>
              </gco:aName>
              <gco:attributeType>
                <gco:TypeName>
                  <gco:aName>
                    <gco:CharacterString>flag type</gco:CharacterString>
                  </gco:aName>
                </gco:TypeName>
              </gco:attributeType>
            </gco:MemberName>
          </sequenceIdentifier>
          <descriptor>
            <gco:CharacterString>Missing</gco:CharacterString>
          </descriptor>
          <maxValue>
            <gco:Real>251</gco:Real>
          </maxValue>
          <minValue>
            <gco:Real>251</gco:Real>
          </minValue>
          <bitsPerValue>
            <gco:Integer>8</gco:Integer>
          </bitsPerValue>
        </MD_Band>
      </dimension>
      <dimension>
        <MD_Band>
          <sequenceIdentifier>
            <gco:MemberName>
              <gco:aName>
                <gco:CharacterString>Dry land</gco:CharacterString>
              </gco:aName>
              <gco:attributeType>
                <gco:TypeName>
                  <gco:aName>
                    <gco:CharacterString>flag type</gco:CharacterString>
                  </gco:aName>
                </gco:TypeName>
              </gco:attributeType>
            </gco:MemberName>
          </sequenceIdentifier>
          <descriptor>
            <gco:CharacterString>Dry land</gco:CharacterString>
          </descriptor>
          <maxValue>
            <gco:Real>255</gco:Real>
          </maxValue>
          <minValue>
            <gco:Real>255</gco:Real>
          </minValue>
          <bitsPerValue>
            <gco:Integer>8</gco:Integer>
          </bitsPerValue>
        </MD_Band>
      </dimension>
    </MD_CoverageDescription>
  </contentInfo>
  <contentInfo>
    <MD_CoverageDescription id="WBS">
      <attributeDescription>
        <gco:RecordType>Water Bodies Start-of-season (WBSTARTDATE)</gco:RecordType>
      </attributeDescription>
      <contentType>
        <MD_CoverageContentTypeCode codeList="http://www.isotc211.org/2005/resources/codelist/gmxCodelists.xml#MD_CoverageContentTypeCode" codeListValue="image" />
      </contentType>
      <dimension>
        <MD_Band>
          <sequenceIdentifier>
            <gco:MemberName>
              <gco:aName>
                <gco:CharacterString>Digital Number</gco:CharacterString>
              </gco:aName>
              <gco:attributeType>
                <gco:TypeName>
                  <gco:aName>
                    <gco:CharacterString>value type</gco:CharacterString>
                  </gco:aName>
                </gco:TypeName>
              </gco:attributeType>
            </gco:MemberName>
          </sequenceIdentifier>
          <descriptor>
            <gco:CharacterString>Significant digital value range</gco:CharacterString>
          </descriptor>
          <maxValue>
            <gco:Real>1440</gco:Real>
          </maxValue>
          <minValue>
            <gco:Real>648</gco:Real>
          </minValue>
          <bitsPerValue>
            <gco:Integer>16</gco:Integer>
          </bitsPerValue>
          <scaleFactor>
            <gco:Real>1</gco:Real>
          </scaleFactor>
          <offset>
            <gco:Real>0</gco:Real>
          </offset>
        </MD_Band>
      </dimension>
      <dimension>
        <MD_Band>
          <sequenceIdentifier>
            <gco:MemberName>
              <gco:aName>
                <gco:CharacterString>No value</gco:CharacterString>
              </gco:aName>
              <gco:attributeType>
                <gco:TypeName>
                  <gco:aName>
                    <gco:CharacterString>flag type</gco:CharacterString>
                  </gco:aName>
                </gco:TypeName>
              </gco:attributeType>
            </gco:MemberName>
          </sequenceIdentifier>
          <descriptor>
            <gco:CharacterString>No value</gco:CharacterString>
          </descriptor>
          <maxValue>
            <gco:Real>0</gco:Real>
          </maxValue>
          <minValue>
            <gco:Real>0</gco:Real>
          </minValue>
          <bitsPerValue>
            <gco:Integer>8</gco:Integer>
          </bitsPerValue>
        </MD_Band>
      </dimension>
      <dimension>
        <MD_Band>
          <sequenceIdentifier>
            <gco:MemberName>
              <gco:aName>
                <gco:CharacterString>Missing</gco:CharacterString>
              </gco:aName>
              <gco:attributeType>
                <gco:TypeName>
                  <gco:aName>
                    <gco:CharacterString>flag type</gco:CharacterString>
                  </gco:aName>
                </gco:TypeName>
              </gco:attributeType>
            </gco:MemberName>
          </sequenceIdentifier>
          <descriptor>
            <gco:CharacterString>Missing</gco:CharacterString>
          </descriptor>
          <maxValue>
            <gco:Real>251</gco:Real>
          </maxValue>
          <minValue>
            <gco:Real>251</gco:Real>
          </minValue>
          <bitsPerValue>
            <gco:Integer>8</gco:Integer>
          </bitsPerValue>
        </MD_Band>
      </dimension>
    </MD_CoverageDescription>
  </contentInfo>
  <contentInfo>
    <MD_CoverageDescription id="WBE">
      <attributeDescription>
        <gco:RecordType>Water Bodies End-of-season (WBENDDATE)</gco:RecordType>
      </attributeDescription>
      <contentType>
        <MD_CoverageContentTypeCode codeList="http://www.isotc211.org/2005/resources/codelist/gmxCodelists.xml#MD_CoverageContentTypeCode" codeListValue="image" />
      </contentType>
      <dimension>
        <MD_Band>
          <sequenceIdentifier>
            <gco:MemberName>
              <gco:aName>
                <gco:CharacterString>Digital Number</gco:CharacterString>
              </gco:aName>
              <gco:attributeType>
                <gco:TypeName>
                  <gco:aName>
                    <gco:CharacterString>value type</gco:CharacterString>
                  </gco:aName>
                </gco:TypeName>
              </gco:attributeType>
            </gco:MemberName>
          </sequenceIdentifier>
          <descriptor>
            <gco:CharacterString>Significant digital value range</gco:CharacterString>
          </descriptor>
          <maxValue>
            <gco:Real>1440</gco:Real>
          </maxValue>
          <minValue>
            <gco:Real>648</gco:Real>
          </minValue>
          <bitsPerValue>
            <gco:Integer>16</gco:Integer>
          </bitsPerValue>
          <scaleFactor>
            <gco:Real>1</gco:Real>
          </scaleFactor>
          <offset>
            <gco:Real>0</gco:Real>
          </offset>
        </MD_Band>
      </dimension>
      <dimension>
        <MD_Band>
          <sequenceIdentifier>
            <gco:MemberName>
              <gco:aName>
                <gco:CharacterString>No value</gco:CharacterString>
              </gco:aName>
              <gco:attributeType>
                <gco:TypeName>
                  <gco:aName>
                    <gco:CharacterString>flag type</gco:CharacterString>
                  </gco:aName>
                </gco:TypeName>
              </gco:attributeType>
            </gco:MemberName>
          </sequenceIdentifier>
          <descriptor>
            <gco:CharacterString>No value</gco:CharacterString>
          </descriptor>
          <maxValue>
            <gco:Real>0</gco:Real>
          </maxValue>
          <minValue>
            <gco:Real>0</gco:Real>
          </minValue>
          <bitsPerValue>
            <gco:Integer>8</gco:Integer>
          </bitsPerValue>
        </MD_Band>
      </dimension>
      <dimension>
        <MD_Band>
          <sequenceIdentifier>
            <gco:MemberName>
              <gco:aName>
                <gco:CharacterString>Missing</gco:CharacterString>
              </gco:aName>
              <gco:attributeType>
                <gco:TypeName>
                  <gco:aName>
                    <gco:CharacterString>flag type</gco:CharacterString>
                  </gco:aName>
                </gco:TypeName>
              </gco:attributeType>
            </gco:MemberName>
          </sequenceIdentifier>
          <descriptor>
            <gco:CharacterString>Missing</gco:CharacterString>
          </descriptor>
          <maxValue>
            <gco:Real>251</gco:Real>
          </maxValue>
          <minValue>
            <gco:Real>251</gco:Real>
          </minValue>
          <bitsPerValue>
            <gco:Integer>8</gco:Integer>
          </bitsPerValue>
        </MD_Band>
      </dimension>
    </MD_CoverageDescription>
  </contentInfo>
  <contentInfo>
    <MD_CoverageDescription id="WBF">
      <attributeDescription>
        <gco:RecordType>Water Bodies Flags (WBFLAG)</gco:RecordType>
      </attributeDescription>
      <contentType>
        <MD_CoverageContentTypeCode codeList="http://www.isotc211.org/2005/resources/codelist/gmxCodelists.xml#MD_CoverageContentTypeCode" codeListValue="image" />
      </contentType>
      <dimension>
        <MD_Band>
          <sequenceIdentifier>
            <gco:MemberName>
              <gco:aName>
                <gco:CharacterString>Digital Number</gco:CharacterString>
              </gco:aName>
              <gco:attributeType>
                <gco:TypeName>
                  <gco:aName>
                    <gco:CharacterString>value type</gco:CharacterString>
                  </gco:aName>
                </gco:TypeName>
              </gco:attributeType>
            </gco:MemberName>
          </sequenceIdentifier>
          <descriptor>
            <gco:CharacterString>Significant digital value range</gco:CharacterString>
          </descriptor>
          <maxValue>
            <gco:Real>255</gco:Real>
          </maxValue>
          <minValue>
            <gco:Real>0</gco:Real>
          </minValue>
          <bitsPerValue>
            <gco:Integer>8</gco:Integer>
          </bitsPerValue>
          <scaleFactor>
            <gco:Real>1</gco:Real>
          </scaleFactor>
          <offset>
            <gco:Real>0</gco:Real>
          </offset>
        </MD_Band>
      </dimension>
      <dimension>
        <MD_Band>
          <sequenceIdentifier>
            <gco:MemberName>
              <gco:aName>
                <gco:CharacterString>Missing</gco:CharacterString>
              </gco:aName>
              <gco:attributeType>
                <gco:TypeName>
                  <gco:aName>
                    <gco:CharacterString>flag type</gco:CharacterString>
                  </gco:aName>
                </gco:TypeName>
              </gco:attributeType>
            </gco:MemberName>
          </sequenceIdentifier>
          <descriptor>
            <gco:CharacterString>Missing</gco:CharacterString>
          </descriptor>
          <maxValue>
            <gco:Real>251</gco:Real>
          </maxValue>
          <minValue>
            <gco:Real>251</gco:Real>
          </minValue>
          <bitsPerValue>
            <gco:Integer>8</gco:Integer>
          </bitsPerValue>
        </MD_Band>
      </dimension>
    </MD_CoverageDescription>
  </contentInfo>
  <distributionInfo>
    <MD_Distribution>
      <distributionFormat>
        <MD_Format>
          <name>
            <gco:CharacterString>ZIP archive</gco:CharacterString>
          </name>
          <version>
            <gco:CharacterString> v3.2</gco:CharacterString>
          </version>
          <specification>
            <gco:CharacterString>Standard PKZIP compatible Unix/Linux ZIP format</gco:CharacterString>
          </specification>
          <fileDecompressionTechnique>
            <gco:CharacterString>unzip or pkunzip</gco:CharacterString>
          </fileDecompressionTechnique>
        </MD_Format>
      </distributionFormat>
      <distributor>
        <MD_Distributor>
          <distributorContact>
            <CI_ResponsibleParty>
              <organisationName>
                <gco:CharacterString>Flemish Institute for Technological Research (VITO)</gco:CharacterString>
              </organisationName>
              <positionName>
                <gco:CharacterString>VITO Helpdesk</gco:CharacterString>
              </positionName>
              <contactInfo>
                <CI_Contact>
                  <address>
                    <CI_Address>
                      <deliveryPoint>
                        <gco:CharacterString>Boeretang 200</gco:CharacterString>
                      </deliveryPoint>
                      <city>
                        <gco:CharacterString>Mol</gco:CharacterString>
                      </city>
                      <postalCode>
                        <gco:CharacterString>2400</gco:CharacterString>
                      </postalCode>
                      <country>
                        <Country codeList="http://www.iso.org/iso/en/prods-services/iso3166ma/02iso-3166-code-lists/index.html" codeListValue="BE" codeSpace="ISO 3166-1">Belgium </Country>
                      </country>
                      <electronicMailAddress>
                        <gco:CharacterString>helpdeskticket@vgt.vito.be</gco:CharacterString>
                      </electronicMailAddress>
                    </CI_Address>
                  </address>
                  <onlineResource>
                    <CI_OnlineResource>
                      <linkage>
                        <URL>http://land.copernicus.eu/global</URL>
                      </linkage>
                      <protocol>
                        <gco:CharacterString>HTTP</gco:CharacterString>
                      </protocol>
                      <name>
                        <gco:CharacterString>Data portal</gco:CharacterString>
                      </name>
                      <description>
                        <gco:CharacterString>Project portal</gco:CharacterString>
                      </description>
                      <function>
                        <CI_OnLineFunctionCode codeList="http://standards.iso.org/ittf/PubliclyAvailableStandards/ISO_19139_Schemas/resources/Codelist/ML_gmxCodelists.xml#CI_OnLineFunctionCode" codeListValue="information">information</CI_OnLineFunctionCode>
                      </function>
                    </CI_OnlineResource>
                  </onlineResource>
                  <hoursOfService>
                    <gco:CharacterString>Office hours, 7 days per week</gco:CharacterString>
                  </hoursOfService>
                  <contactInstructions>
                    <gco:CharacterString>Preferrably by e-mail</gco:CharacterString>
                  </contactInstructions>
                </CI_Contact>
              </contactInfo>
              <role>
                <CI_RoleCode codeList="http://standards.iso.org/ittf/PubliclyAvailableStandards/ISO_19139_Schemas/resources/Codelist/ML_gmxCodelists.xml#CI_RoleCode" codeListValue="distributor">distributor</CI_RoleCode>
              </role>
            </CI_ResponsibleParty>
          </distributorContact>
          <distributionOrderProcess>
            <MD_StandardOrderProcess>
              <fees>
                <gco:CharacterString>Free by ftp and Eumetcast; cost of medium by DvD or tape</gco:CharacterString>
              </fees>
              <orderingInstructions>
                <gco:CharacterString>Products can be downloaded on-line via HTTP (or FTP) or can be received through EUMETCast satellite reception in Africa and Latin-America. Users can also get the latest datasets in near-real time via FTP after subscription. Through http://land.copernicus.eu/global/access, users can subscribe to receive future products as well as placing orders to retrieve the product archive (massive order). You will be informed through e-mail whenever new products are ready on the FTP server to be downloaded.</gco:CharacterString>
              </orderingInstructions>
            </MD_StandardOrderProcess>
          </distributionOrderProcess>
        </MD_Distributor>
      </distributor>
      <transferOptions>
        <MD_DigitalTransferOptions>
          <unitsOfDistribution>
            <gco:CharacterString>Per product</gco:CharacterString>
          </unitsOfDistribution>
          <transferSize>
            <gco:Real>0</gco:Real>
          </transferSize>
          <onLine>
            <CI_OnlineResource>
              <linkage>
                <URL>http://land.copernicus.eu/global/access</URL>
              </linkage>
              <protocol>
                <gco:CharacterString>HTTP</gco:CharacterString>
              </protocol>
              <name>
                <gco:CharacterString>Copernicus Global Land Service</gco:CharacterString>
              </name>
              <description>
                <gco:CharacterString>1. Search and Order products on Dataset Catalogue and Ordering service</gco:CharacterString>
              </description>
              <function>
                <CI_OnLineFunctionCode codeList="http://standards.iso.org/ittf/PubliclyAvailableStandards/ISO_19139_Schemas/resources/Codelist/ML_gmxCodelists.xml#CI_OnLineFunctionCode" codeListValue="download">download</CI_OnLineFunctionCode>
              </function>
            </CI_OnlineResource>
          </onLine>
        </MD_DigitalTransferOptions>
      </transferOptions>
      <transferOptions>
        <MD_DigitalTransferOptions>
          <onLine>
            <CI_OnlineResource>
              <linkage>
                <URL>http://land.copernicus.eu/global/access</URL>
              </linkage>
              <protocol>
                <gco:CharacterString>HTTP</gco:CharacterString>
              </protocol>
              <name>
                <gco:CharacterString>Copernicus Global Land Service</gco:CharacterString>
              </name>
              <description>
                <gco:CharacterString>2. Subscribe to receive future products via e-mail</gco:CharacterString>
              </description>
              <function>
                <CI_OnLineFunctionCode codeList="http://standards.iso.org/ittf/PubliclyAvailableStandards/ISO_19139_Schemas/resources/Codelist/ML_gmxCodelists.xml#CI_OnLineFunctionCode" codeListValue="download">download</CI_OnLineFunctionCode>
              </function>
            </CI_OnlineResource>
          </onLine>
        </MD_DigitalTransferOptions>
      </transferOptions>
      <transferOptions>
        <MD_DigitalTransferOptions>
          <unitsOfDistribution>
            <gco:CharacterString>Per product</gco:CharacterString>
          </unitsOfDistribution>
          <transferSize>
            <gco:Real>0</gco:Real>
          </transferSize>
          <onLine>
            <CI_OnlineResource>
              <linkage>
                <URL>http://eoportal.eumetsat.int</URL>
              </linkage>
              <name>
                <gco:CharacterString>Copernicus Global Land Service</gco:CharacterString>
              </name>
              <description>
                <gco:CharacterString>3. Register to receive products via Eumetcast</gco:CharacterString>
              </description>
            </CI_OnlineResource>
          </onLine>
        </MD_DigitalTransferOptions>
      </transferOptions>
    </MD_Distribution>
  </distributionInfo>
   <dataQualityInfo>
    <DQ_DataQuality>
      <scope>
        <DQ_Scope>
          <level>
            <MD_ScopeCode codeList="http://standards.iso.org/ittf/PubliclyAvailableStandards/ISO_19139_Schemas/resources/Codelist/ML_gmxCodelists.xml#MD_ScopeCode" codeListValue="dataset">dataset</MD_ScopeCode>
          </level>
        </DQ_Scope>
      </scope>
      <report>
        <DQ_NonQuantitativeAttributeAccuracy>
          <result>
            <DQ_ConformanceResult>
              <specification>
                <CI_Citation>
                  <title>
                    <gco:CharacterString>Validation results conform CEOS LPV guidelines</gco:CharacterString>
                  </title>
                  <date>
                    <CI_Date>
                      <date>
                        <gco:Date>2012-04-01</gco:Date>
                      </date>
                      <dateType>
                        <CI_DateTypeCode codeList="http://standards.iso.org/ittf/PubliclyAvailableStandards/ISO_19139_Schemas/resources/Codelist/ML_gmxCodelists.xml#CI_DateTypeCode" codeListValue="publication">publication</CI_DateTypeCode>
                      </dateType>
                    </CI_Date>
                  </date>
                </CI_Citation>
              </specification>
              <explanation>
                <gco:CharacterString>http://land.copernicus.eu/global/sites/default/files/products/GIO-GL1_VR_WBV1_I1.00.pdf</gco:CharacterString>
              </explanation>
              <pass>
                <gco:Boolean>1</gco:Boolean>
              </pass>
            </DQ_ConformanceResult>
          </result>
        </DQ_NonQuantitativeAttributeAccuracy>
      </report>
      <report>
        <DQ_DomainConsistency>
          <result>
            <DQ_ConformanceResult>
              <specification>
                <CI_Citation>
                  <title>
                    <gco:CharacterString>INSPIRE Data Specification on orthoimagery - Guidelines</gco:CharacterString>
                  </title>
                  <date>
                    <CI_Date>
                      <date>
                        <gco:Date>2010-04-26</gco:Date>
                      </date>
                      <dateType>
                        <CI_DateTypeCode codeList="http://standards.iso.org/ittf/PubliclyAvailableStandards/ISO_19139_Schemas/resources/Codelist/ML_gmxCodelists.xml#CI_DateTypeCode" codeListValue="publication">publication</CI_DateTypeCode>
                      </dateType>
                    </CI_Date>
                  </date>
                </CI_Citation>
              </specification>
              <explanation>
                <gco:CharacterString>See the referenced specification</gco:CharacterString>
              </explanation>
              <pass>
                <gco:Boolean>true</gco:Boolean>
              </pass>
            </DQ_ConformanceResult>
          </result>
        </DQ_DomainConsistency>
      </report>
      <lineage>
        <LI_Lineage>
          <statement>
            <gco:CharacterString>Small Water Bodies (SWB) is based on a method using different thresholds for the Normalized Difference Vegetation Index (NDVI) and the Normalized Difference Water Index (NDWI). The input data are 10-daily refelectance sources measured by the SPOT-VGT sensor as provided by the SPOT-VEGETATION CTIV.</gco:CharacterString>
          </statement>
        </LI_Lineage>
      </lineage>
    </DQ_DataQuality>
  </dataQualityInfo>
  <metadataMaintenance>
    <MD_MaintenanceInformation>
      <maintenanceAndUpdateFrequency>
        <MD_MaintenanceFrequencyCode codeList="http://standards.iso.org/ittf/PubliclyAvailableStandards/ISO_19139_Schemas/resources/Codelist/ML_gmxCodelists.xml#MD_MaintenanceFrequencyCode" codeListValue="asNeeded">asNeeded</MD_MaintenanceFrequencyCode>
      </maintenanceAndUpdateFrequency>
    </MD_MaintenanceInformation>
  </metadataMaintenance>
</MD_Metadata>